employee_id,first_name,last_name,salary,hire_date,department_id,department,residence_city,age,job_level
1,Rosalinda,Eede,122478.85,2/25/2017,1,Marketing,Monte Novo,49,Executive
2,Nicholas,Brandle,90782.55,1/23/2020,1,Marketing,San Manuel,53,Executive
3,Laurene,Zoane,129701.37,7/4/2007,1,Sales,Sunjia Buzi,51,Executive
4,Celinka,Obbard,32698.22,7/26/2021,3,Sales,KwaMbonambi,39,Mid Level
5,Godfree,Stemp,24768.95,7/26/2019,2,IT,Krajan Caluk,21,Entry Level
6,Leta,Stubbington,147039.14,12/21/2001,5,Marketing,Suwatu,47,Senior Level
7,Ernst,Aucott,40190.41,3/2/2011,3,Finance,Diffa,20,Entry Level
8,Alyce,Menzies,92949.18,9/1/2012,4,IT,Cravinhos,37,Entry Level
9,Inglis,Norton,78186.01,1/5/2002,2,Finance,Yangzhong,24,Senior Level
10,Isak,Barette,80766.17,2/20/2007,5,Marketing,Sunne,28,Mid Level
11,Tamar,Duiguid,49458.3,9/9/2006,2,Finance,Västerås,38,Entry Level
12,Tedie,Lobe,45187.84,2/24/2017,4,IT,Yelyzavethradka,30,Senior Level
13,Zelda,Imorts,37967.04,6/29/2016,5,IT,Miragoâne,48,Mid Level
14,Gothart,Laville,96809.3,2/6/2003,5,IT,Bergen,54,Senior Level
15,Allsun,Esby,146529.9,9/3/2006,1,Finance,Huai’an,51,Mid Level
16,Stephannie,Ball,113347.61,11/23/2021,5,Marketing,Weichanglu,60,Executive
17,Kristel,Shivell,66186.32,1/27/2016,4,Sales,Carrascal,54,Executive
18,Ferdy,Deverall,94883.99,4/30/2016,3,IT,Huangsha,31,Mid Level
19,Adolphe,Lerego,121547.57,9/20/2001,5,Finance,Biały Bór,54,Senior Level
20,Isadora,Antoney,48471.3,4/30/2020,2,Marketing,Dubovka,26,Senior Level
21,Kile,Branthwaite,91668.41,3/26/2015,3,Sales,Nyanza,36,Entry Level
22,Prince,Buff,86728.89,8/28/2010,4,Sales,Landi Kotal,55,Executive
23,Zacharie,Cathenod,92902.88,10/20/2002,3,Finance,Tangwei,56,Senior Level
24,Rae,Barrand,78721.94,6/15/2004,3,Marketing,Nyima,53,Senior Level
25,Adriena,Osgerby,108977.13,10/10/2002,4,Sales,Mikulintsy,24,Executive
26,Bonnie,Fonzone,138651.57,3/23/2015,4,HR,Tangxian,23,Entry Level
27,Marcellus,Offener,139637.89,8/11/2005,5,Sales,Jarānwāla,41,Mid Level
28,Veronike,Maddock,53332.57,11/9/2011,5,IT,Casal,51,Mid Level
29,Zared,Devo,64705.76,6/16/2017,3,Sales,Veselynove,44,Executive
30,Harli,D'Elia,108262.61,12/4/2009,2,Marketing,Xufu,29,Mid Level
31,Oliy,Eyers,96808.71,5/8/2015,4,HR,Dallas,30,Senior Level
32,Virgie,Posthill,100204.1,2/8/2009,1,IT,Lenīnskīy,44,Senior Level
33,Pippy,Gomme,28220.13,3/12/2018,5,HR,Petrovsk,47,Senior Level
34,Launce,Kirkland,68121.72,12/5/2011,4,IT,Kalebun,27,Senior Level
35,Nevil,Cranston,149473.11,3/21/2002,3,IT,Baisha,26,Senior Level
36,Dorrie,Crowden,137461.29,4/17/2008,5,Marketing,Jabłonka,26,Entry Level
37,Iain,Jambrozek,91330.51,10/17/2022,5,Sales,Cascavel,21,Executive
38,Byrom,Smidmor,69849.96,5/17/2017,1,Sales,Ţāqchah Khānah,31,Mid Level
39,Itch,Horbart,55954.67,10/12/2017,1,Sales,Courtaboeuf,49,Senior Level
40,Erma,Gauchier,149775.2,10/24/2017,1,Sales,Philadelphia,43,Entry Level
41,Tedd,Roundtree,119838.4,1/4/2011,1,Marketing,Princeton,40,Entry Level
42,Devy,Warlawe,115458.69,8/19/2008,5,HR,Aime,33,Mid Level
43,Hasheem,Galletley,83084.41,10/30/2015,2,HR,Huomachong,32,Executive
44,Tanitansy,Giffaut,83403.32,5/3/2002,1,Marketing,Monjarás,46,Senior Level
45,Mateo,Isakovic,143197.5,5/1/2019,4,IT,Palocabildo,19,Executive
46,Penrod,Stoute,32363.26,7/31/2008,3,HR,Guaratinguetá,42,Executive
47,Annabal,Threlfall,146213.47,5/25/2021,4,HR,Quintão,41,Entry Level
48,Alvie,Kench,146631.98,5/1/2007,1,Marketing,Chiscas,47,Executive
49,Golda,Kiffin,37977.02,12/17/2013,3,Finance,Tanda,22,Mid Level
50,Lena,Longthorne,135732.86,11/20/2010,2,IT,Sāqayn,54,Mid Level
51,Riobard,Forlonge,27046.98,8/27/2016,2,Marketing,Garissa,44,Senior Level
52,Berny,Pulford,85772.98,6/15/2018,1,Finance,Middleton,31,Entry Level
53,Marget,Axten,21564.94,2/15/2011,3,IT,Banarankrajan,45,Senior Level
54,Cristy,Baldazzi,112713.79,2/5/2011,5,Finance,Jatiprahu,22,Mid Level
55,Dina,Newlove,98762.43,1/4/2015,4,Marketing,Sagaing,27,Executive
56,Ulrick,Tipperton,94711.92,7/17/2004,4,Finance,Bojongsari,41,Entry Level
57,Yuri,Ellacombe,90472.19,6/21/2005,4,Sales,Fuzhai,53,Mid Level
58,Hughie,Klesel,121278.0,8/29/2020,1,Sales,Yarīm,26,Entry Level
59,Petronella,Mumford,130658.94,6/11/2008,2,IT,Kitaibaraki,33,Entry Level
60,Crosby,Mundford,38068.4,11/20/2001,1,Marketing,Kungshamn,28,Entry Level
61,Bibbye,Beglin,119713.14,9/2/2015,3,Marketing,Matangpayang,56,Entry Level
62,Vinnie,Gaskoin,128000.85,9/11/2006,4,IT,Fiditi,18,Mid Level
63,Florian,Gatteridge,87276.66,2/15/2003,3,Sales,Drammen,51,Entry Level
64,Elizabet,Germon,121540.87,1/17/2016,1,Marketing,Duobao,39,Entry Level
65,Humfrey,Pagram,54153.55,12/4/2016,2,IT,Shaxi,37,Mid Level
66,Galina,Amerighi,81927.64,10/18/2017,4,Finance,Outeirô,28,Mid Level
67,Kalli,Whybrow,67790.88,6/29/2004,4,HR,Cruzeiro,19,Entry Level
68,Kurtis,Marchenko,66459.69,9/28/2004,1,HR,Tādif,19,Senior Level
69,Shane,Melmoth,91074.33,8/5/2020,1,IT,Zhinvali,51,Entry Level
70,Melisande,De Cristofalo,63864.26,3/17/2002,3,Marketing,Liucheng,37,Executive
71,King,Batisse,68882.96,3/15/2006,4,IT,Svay Rieng,47,Senior Level
72,Evan,Rowett,34108.54,12/31/2010,5,Finance,Abreu e Lima,21,Senior Level
73,Frank,Kurten,109835.54,7/21/2009,5,HR,Grosuplje,50,Senior Level
74,Wilton,Norewood,108670.05,10/29/2000,5,IT,Raejeru,33,Senior Level
75,Meier,Wythill,35435.4,3/20/2008,5,HR,Solidaridad,32,Mid Level
76,Winne,Rodger,85837.75,3/22/2007,3,IT,Jihui,36,Entry Level
77,Zia,Pestell,90743.89,5/31/2020,1,Sales,Muaraenim,35,Senior Level
78,Daffi,Getley,64431.92,2/15/2015,3,IT,München,39,Executive
79,Maximilian,Curling,27355.96,10/3/2014,1,IT,Všeruby,25,Executive
80,Frasco,Grioli,55358.01,6/30/2003,2,IT,Maracanã,49,Senior Level
81,Araldo,Brumwell,34501.88,1/4/2009,5,Sales,Tahoua,48,Entry Level
82,Angeline,Sallows,56062.51,3/7/2012,5,Sales,Miaoshi,37,Executive
83,Wiatt,Keddy,47332.32,10/22/2000,5,Marketing,Knyazhichi,35,Entry Level
84,Kilian,Wedderburn,88524.17,12/20/2016,2,Marketing,Rabah,56,Executive
85,Engelbert,Antonov,77082.96,3/18/2004,3,Marketing,Rio Formoso,59,Entry Level
86,Claudian,Amsden,79554.9,8/22/2010,5,Finance,Kawengan,23,Entry Level
87,Waldemar,Surgeon,91363.97,7/14/2006,5,Marketing,Sieradza,32,Executive
88,Ellynn,McGrirl,129346.75,7/5/2002,5,Finance,Novopokrovka,56,Senior Level
89,Hugibert,Bache,54892.68,7/16/2002,2,IT,Krajandadapmulyo,45,Executive
90,Joan,Feares,44807.66,3/15/2019,4,Finance,Xiexiong,23,Senior Level
91,Sharron,Butterly,98608.03,4/14/2021,4,Marketing,Hispania,49,Mid Level
92,Micah,Osmar,85351.36,2/6/2008,3,Sales,Sidomakmur,21,Senior Level
93,Marty,Vigne,46198.69,4/1/2021,1,Finance,Rekovac,47,Senior Level
94,Clementina,Kleehuhler,127950.59,2/5/2022,1,HR,Ljungskile,39,Mid Level
95,Sullivan,Paddeley,28422.66,7/24/2011,2,Sales,Toluviejo,36,Senior Level
96,Leonanie,Walls,55142.94,10/11/2003,3,Sales,Chynadiyovo,19,Executive
97,Pascal,Porkiss,99829.28,10/31/2014,3,Finance,Gouménissa,21,Entry Level
98,Mason,Cullinane,32935.05,5/2/2012,4,Finance,Maribong,46,Senior Level
99,Alfy,Shadwick,112019.48,8/23/2021,4,Sales,Monte Santo de Minas,36,Entry Level
100,Chiarra,Mayhew,37271.68,1/24/2011,1,Marketing,Anoek,18,Mid Level
101,Gabby,Banishevitz,39947.4,2/6/2011,3,Marketing,Nokaneng,50,Entry Level
102,Buck,Euplate,39433.3,9/29/2018,1,HR,Thanatpin,24,Mid Level
103,Karim,Coolican,100411.36,7/20/2008,5,Finance,Bektemir,43,Senior Level
104,Sidonia,Lammiman,53409.29,1/13/2003,2,Sales,Rennes,44,Senior Level
105,Amalia,Varnes,54769.11,6/22/2002,3,HR,Berbek,27,Executive
106,Cathi,Penning,68145.81,8/17/2021,2,HR,Venlo,56,Senior Level
107,Rhea,Waller,131961.88,5/7/2016,2,HR,Purranque,20,Entry Level
108,Vi,Goranov,87911.74,1/24/2012,4,IT,Fu’an,29,Entry Level
109,Ruthe,Fenne,82651.66,7/19/2022,5,IT,Qingshui,49,Mid Level
110,Kordula,Cosby,59579.36,9/6/2005,2,Marketing,Damaishan,46,Senior Level
111,Stefanie,Goater,46297.94,12/15/2019,4,Sales,Nusaherang,52,Mid Level
112,Jedd,Dowrey,51278.3,3/18/2018,5,Sales,Brest,28,Executive
113,Shanta,Jutson,117626.75,2/6/2022,2,Finance,Xiaojiezi,20,Mid Level
114,Aguste,Pentycross,30201.18,6/1/2003,2,Sales,Buyende,24,Entry Level
115,Clarabelle,Sleeny,33954.16,6/12/2002,1,Sales,Saint-Gratien,23,Mid Level
116,Susannah,Balogh,145779.1,11/22/2021,5,IT,Omoa,26,Senior Level
117,Maria,Estabrook,102194.93,10/19/2017,1,IT,Widorokandang,29,Entry Level
118,Mateo,D'Ambrogi,106583.72,8/9/2011,2,IT,Jiangnan,59,Entry Level
119,Davida,Noni,25262.58,5/27/2003,1,Sales,Toledo,50,Executive
120,Corny,Hartshorn,88560.52,5/15/2021,5,Sales,Hässelby,58,Executive
121,Sam,Rame,115401.88,8/29/2011,2,IT,Megulung,40,Entry Level
122,Karisa,Alexandersen,135052.14,12/23/2021,1,Marketing,Tamatam,26,Entry Level
123,Garrott,Walklett,70790.62,5/29/2020,3,Finance,Podedwórze,47,Executive
124,Kliment,Mateus,77884.87,11/18/2003,5,Finance,Korisós,52,Senior Level
125,Doris,Woolam,59319.18,1/26/2012,4,Sales,Shilong,26,Executive
126,Christie,Buer,21925.34,5/28/2011,2,Finance,Dalong,43,Entry Level
127,Hilly,Darbon,60736.86,10/24/2009,2,Finance,Ratnapura,23,Senior Level
128,Gertrudis,Grayland,141251.18,4/5/2000,3,Marketing,Parumasan,23,Mid Level
129,Lynette,Winspur,83647.4,11/24/2012,5,Finance,Chodová Planá,23,Senior Level
130,Jolynn,Gibb,114028.04,2/5/2006,2,HR,Mbaïki,32,Entry Level
131,Guillaume,Zisneros,110135.43,2/16/2011,1,Finance,Skoroszyce,29,Mid Level
132,Quincey,Rummings,58512.45,5/31/2006,2,Finance,Urungpigang,47,Mid Level
133,Mortie,Jilkes,76991.59,3/22/2012,4,Finance,Effium,31,Entry Level
134,Jule,Reinhart,20136.99,2/18/2006,3,IT,Chitral,59,Mid Level
135,Skippie,Choppen,35648.63,6/19/2003,3,Finance,Purwokerto,22,Senior Level
136,Glen,Copozio,106190.56,1/4/2007,3,HR,Dongsheng,19,Entry Level
137,Ophelia,Schult,123695.47,1/1/2021,3,Finance,Kunri,42,Entry Level
138,Wye,Covington,147426.54,3/25/2017,3,Sales,Cijoho,27,Entry Level
139,Sarene,McFaul,33374.57,7/10/2022,4,Marketing,Buffalo,38,Entry Level
140,Raine,Ostrich,50608.36,5/5/2015,5,Marketing,Berlin,46,Entry Level
141,Reube,Pigney,96297.78,11/28/2011,3,Marketing,Buenavista,41,Entry Level
142,Fidelity,Byatt,134941.5,1/6/2005,2,Finance,Erdaobaihe,34,Mid Level
143,Sileas,Janjic,51034.94,12/21/2016,1,IT,Xiaolin,40,Mid Level
144,Charmian,Ousby,25883.01,10/22/2001,1,HR,Beishan,57,Mid Level
145,Perla,O'Carmody,123441.33,3/28/2001,2,IT,Grosuplje,18,Mid Level
146,Hube,Piggrem,43908.16,5/7/2021,2,IT,Garunggang,18,Entry Level
147,Anjanette,Johnes,126789.31,5/29/2004,1,Marketing,Jimaguayú,20,Senior Level
148,Dud,Bownes,29041.09,10/22/2013,2,IT,Lāliān,31,Executive
149,Wallas,Ixer,108245.93,12/3/2009,4,HR,Piekielnik,28,Executive
150,Dorothee,Proske,27989.25,3/6/2004,1,Sales,Baguio,35,Entry Level
151,Nita,Pearcehouse,54456.54,10/4/2013,1,IT,Potosí,30,Executive
152,Hayyim,Rodmell,47275.07,1/4/2022,5,Sales,Linggou,44,Mid Level
153,Garrot,Luthwood,138315.4,9/18/2013,4,IT,Xushuguan,47,Executive
154,Eal,Pickersail,118990.5,1/27/2008,2,Finance,Gubukjero Timuk,35,Senior Level
155,Luz,Payn,23101.7,6/12/2015,1,Finance,Darvi,27,Senior Level
156,Gabriele,Dennington,26890.24,6/30/2012,4,IT,Qingqu,25,Entry Level
157,Bear,Spread,126977.93,9/2/2000,5,Marketing,Ar Rudayyif,19,Senior Level
158,Ernestus,Plowes,50309.32,4/21/2018,5,Finance,General Levalle,22,Executive
159,Theobald,Morforth,90022.74,9/25/2009,2,Finance,Knoxville,20,Executive
160,Lurline,Knuckles,56529.2,7/3/2008,4,Marketing,Golubac,51,Senior Level
161,Ardys,Niess,30835.98,12/28/2017,4,Sales,Mende,33,Senior Level
162,Cecelia,Vanelli,85981.37,4/1/2005,1,Finance,Huoche Xizhan,43,Executive
163,Luca,Clemont,49570.06,8/30/2000,1,HR,Cedry Wielkie,26,Executive
164,Phoebe,Bramo,146862.03,3/29/2019,1,Finance,Shanhou,34,Executive
165,Arnuad,Berr,92904.37,9/5/2005,4,IT,Bonanza,45,Mid Level
166,Timmie,Gleave,76072.97,12/5/2008,2,Sales,Praimarada,20,Senior Level
167,Monah,Chessman,144155.03,4/7/2007,1,HR,Kostomuksha,28,Executive
168,Kaitlyn,Klimpt,132834.02,8/17/2017,1,Marketing,Dū Laīnah,31,Senior Level
169,Rivi,Roughsedge,49303.68,4/9/2016,2,IT,Huskvarna,31,Senior Level
170,Ailsun,Fligg,87976.13,3/7/2010,4,HR,Ramana,35,Senior Level
171,Kristy,Pauletto,68977.64,6/3/2005,3,HR,Charat,55,Executive
172,Jewel,Crawcour,53284.61,11/4/2021,2,Sales,Qiantang,51,Senior Level
173,Baxie,Snailham,53567.93,3/31/2016,5,Finance,Kamyshevka Vtoraya,44,Senior Level
174,Arlena,Richt,91080.54,9/8/2015,3,Marketing,Włocławek,40,Entry Level
175,Claiborne,Gatheral,42984.96,4/28/2016,3,IT,Tyler,57,Executive
176,Shanie,Paz,80309.96,10/20/2019,2,HR,Bombon,27,Entry Level
177,Hi,Chaves,44206.81,2/21/2015,4,Marketing,Bayangol,56,Executive
178,Lidia,Lowther,35634.5,7/8/2001,4,HR,Неготино,51,Mid Level
179,Coriss,Gravey,93638.42,1/21/2008,1,Marketing,Qiaotou,43,Mid Level
180,Dalia,Hasted,38131.97,10/6/2001,1,Marketing,Donggang,21,Senior Level
181,Kristal,Gadie,46172.3,10/13/2000,4,Marketing,Jeong,24,Mid Level
182,Calley,Surr,81346.69,4/18/2012,1,IT,Fareydūnshahr,48,Executive
183,Cherlyn,Bartleet,118473.44,8/7/2020,4,Sales,Matalam,48,Executive
184,Robbyn,Drummer,98378.3,7/9/2015,2,Finance,Lyaskelya,35,Senior Level
185,Homerus,Coleiro,38571.08,3/9/2006,4,IT,Huacao,23,Executive
186,Boris,Matchett,78168.91,11/5/2015,1,HR,Xiangshui,43,Entry Level
187,Perry,Maciaszek,87053.97,7/21/2015,2,Sales,Dolega District,44,Entry Level
188,Alysia,De Santos,34670.59,10/27/2002,1,IT,New Plymouth,21,Senior Level
189,Kynthia,Huzzey,82272.38,9/7/2016,2,Marketing,Neiva,18,Senior Level
190,Valeria,Sargood,57243.69,1/14/2014,4,Sales,Encañada,39,Entry Level
191,Giacomo,Crighton,144855.89,12/30/2012,2,HR,Planaltina,50,Entry Level
192,Wren,Harwick,108834.4,2/12/2002,1,HR,Neftegorsk,53,Entry Level
193,Sherrie,Benneton,97712.21,10/5/2020,5,Sales,Ţawr al Bāḩah,46,Senior Level
194,Baudoin,Kaygill,43092.05,3/11/2008,3,IT,Weru,28,Executive
195,Haywood,Yanin,51949.03,12/17/2014,4,Finance,Marolambo,54,Senior Level
196,Krystalle,Spanton,128655.62,9/30/2009,3,Finance,Gråbo,45,Executive
197,Chaddy,Aspell,28857.39,9/15/2000,4,Finance,Bolaoit,40,Mid Level
198,Rick,Gerrelt,20766.87,8/23/2012,2,Finance,Luwingu,40,Mid Level
199,Doretta,Wark,60282.65,1/1/2018,2,IT,Sangumata,30,Mid Level
200,Layne,Legerwood,105095.03,6/21/2019,5,Sales,Semalang,28,Senior Level
201,Anatol,Sywell,91144.71,12/18/2004,5,Finance,Bucaramanga,42,Executive
202,Merrilee,Newlove,23762.51,9/29/2016,3,Sales,Tohautu,45,Executive
203,Tymothy,Osban,108528.6,7/17/2021,4,Sales,Midland,33,Entry Level
204,Merrili,Sydall,79543.1,7/7/2007,3,HR,Heyou,43,Entry Level
205,Debbie,Craighill,128240.38,8/18/2020,3,IT,Yeşilköy,52,Entry Level
206,Gerianna,Hallas,48937.37,8/1/2002,4,IT,Huangzhu,41,Entry Level
207,Cammie,Benesevich,137266.52,12/6/2015,5,Finance,Limoeiro do Norte,46,Mid Level
208,Courtney,Gowen,55582.79,5/26/2020,3,Sales,Al Baqāliţah,24,Entry Level
209,Arnaldo,Dixie,120786.2,6/1/2021,3,Finance,Suncun,26,Entry Level
210,Inglebert,Treadger,115529.45,8/19/2002,1,HR,Pasirmalang,55,Entry Level
211,Manda,Podd,120016.28,11/8/2012,1,Marketing,Pedraza La Vieja,52,Mid Level
212,Jeannie,Tugman,40368.62,3/3/2002,5,HR,Madala,59,Entry Level
213,Hammad,Hiscoke,58365.01,3/18/2016,3,Marketing,San Isidro,51,Executive
214,Konstance,Cust,141787.68,4/16/2011,5,HR,Al ‘Awjā,22,Executive
215,Esther,Braybrook,118083.56,3/6/2020,3,Sales,Vicuña Mackenna,43,Mid Level
216,Kathy,Ludgate,64176.53,2/28/2004,2,Finance,Syców,44,Senior Level
217,Benton,Conkling,27551.43,10/17/2007,1,IT,Padaan,32,Entry Level
218,Norine,De Cleen,132041.33,3/25/2018,4,Sales,Estacion,48,Mid Level
219,Lorita,Ubanks,41904.28,4/18/2013,2,Finance,Horní Bříza,52,Entry Level
220,Cullie,Pittham,28206.2,6/5/2004,3,Marketing,Kumbo,40,Executive
221,Johny,McGreay,86254.71,12/11/2019,3,HR,Bern,27,Executive
222,Jacky,Coleyshaw,47889.36,1/14/2015,4,HR,Orurillo,28,Entry Level
223,Melisse,Lune,68872.76,4/24/2021,3,IT,Margarita,20,Entry Level
224,Saidee,Cannaway,115040.85,12/1/2011,4,Sales,Nowa Ruda,59,Mid Level
225,Humberto,Mallett,60908.9,5/28/2020,3,IT,Chor,45,Entry Level
226,Sibbie,Peinke,83284.33,12/1/2002,1,Sales,Huxi,41,Senior Level
227,Nevins,McKennan,136108.38,5/18/2007,1,Finance,Zhangshi,42,Senior Level
228,Nicolea,Hewins,25075.89,2/9/2006,3,HR,Bilaran,19,Executive
229,Tina,Acutt,99905.87,1/11/2013,3,Finance,Nemours,39,Entry Level
230,Liane,Vargas,40188.12,8/13/2004,3,Sales,Houzhai,60,Mid Level
231,Elnore,Coverdill,67135.7,10/28/2008,3,Sales,Stryszów,25,Senior Level
232,Aldridge,Ceyssen,146073.23,1/5/2015,3,Finance,Lidun,59,Entry Level
233,Dorry,Philipsohn,38959.45,4/13/2008,3,Sales,Hongyan,50,Executive
234,Nappie,Grog,120363.07,7/13/2009,3,Sales,Guintubhan,21,Executive
235,Olag,Coxon,90817.01,9/13/2022,3,Marketing,Hüremt,51,Executive
236,Reginauld,Jelleman,92933.44,7/18/2016,1,HR,Guangli,27,Entry Level
237,Joseph,Loddy,47661.98,6/9/2014,5,IT,Raków,30,Senior Level
238,Alexis,Plaster,106461.89,2/12/2016,4,Sales,Varser,31,Executive
239,Gerladina,Burney,89081.99,7/27/2004,3,Sales,Paris La Défense,26,Mid Level
240,Jeanine,Moger,134857.64,7/28/2016,1,Sales,Heishan,18,Senior Level
241,Gerik,le Keux,139885.57,5/5/2007,1,Finance,Lazeshchyna,32,Entry Level
242,Cozmo,Lamburne,28619.64,4/7/2015,5,HR,Coronel,36,Mid Level
243,Mallory,Bertolin,118401.75,2/14/2005,4,IT,Jiaozuo,21,Mid Level
244,Tirrell,Volant,25817.9,1/26/2005,3,Finance,Potoci,44,Entry Level
245,Grazia,Seckom,144801.12,8/31/2010,1,HR,Moijabana,44,Senior Level
246,Sonja,Iremonger,59662.63,2/17/2000,1,HR,Noginsk,34,Entry Level
247,Paule,Pinchon,123293.07,1/11/2000,4,HR,Cipanggung,60,Mid Level
248,Cheston,Chalfant,70047.89,5/28/2015,2,IT,Prosperidad,32,Mid Level
249,Bennie,Leeming,69450.73,7/7/2014,1,HR,Huayana,20,Entry Level
250,Ezechiel,Benditt,108807.8,5/1/2020,2,Marketing,Židlochovice,59,Mid Level
251,Emlyn,Pellatt,20447.62,8/17/2014,4,HR,Ituberá,26,Senior Level
252,Brice,Keaysell,122903.83,12/20/2005,5,Sales,Coronel Martínez,44,Mid Level
253,Florance,Itzkovwitch,88438.45,12/29/2016,5,HR,Uhlove,24,Entry Level
254,Reeta,Ivashinnikov,131480.69,9/24/2001,2,IT,Gaza,26,Entry Level
255,Misti,Wallett,116694.52,1/29/2016,4,HR,Xuwei,54,Mid Level
256,Waverly,Alison,140136.82,6/26/2001,3,Finance,Laweueng,49,Mid Level
257,Granville,Osburn,37885.96,11/22/2020,4,HR,Jawf al Maqbābah,55,Senior Level
258,Krishnah,Rodger,120714.81,2/13/2017,5,Marketing,Piteå,27,Executive
259,Cyrus,Londer,103078.58,1/3/2020,5,Sales,Priargunsk,51,Senior Level
260,Sanders,Alexandersson,62229.95,7/4/2008,1,IT,Bajingzi,43,Entry Level
261,Tori,Verlinde,149382.46,1/9/2004,5,HR,Frydek,47,Entry Level
262,Faunie,Biles,78984.65,8/8/2010,5,Finance,Enköping,22,Senior Level
263,Ruthanne,Amoss,34788.92,4/28/2012,5,IT,Jingzhuang,53,Executive
264,Alexis,Thomas,117267.57,6/22/2005,3,Marketing,Banjar Brahmanabukit,44,Executive
265,Antonio,Flea,85732.28,12/30/2013,5,Finance,Jardin,46,Mid Level
266,Malynda,De Ortega,120780.92,10/12/2006,3,Sales,Tangcun,47,Entry Level
267,Anders,Rollinson,35661.67,8/26/2003,3,Finance,Khotiv,30,Mid Level
268,Huntley,McCully,83821.23,12/10/2016,3,HR,Nakło nad Notecią,38,Senior Level
269,Stevena,Entissle,127409.05,8/5/2007,5,HR,Guadalupe,32,Executive
270,Donavon,Gleasane,99982.29,4/23/2019,5,Marketing,Barisāl,35,Mid Level
271,Carol-jean,Fowlestone,137380.22,5/11/2017,4,Finance,Aginskoye,43,Mid Level
272,Tove,Headrick,107672.35,1/30/2019,5,HR,Sukahening,29,Senior Level
273,Brandon,Spurgeon,123678.54,11/15/2019,4,Sales,Bhakkar,56,Executive
274,Rosemarie,Aylott,48781.07,10/1/2013,3,Sales,Rosmaninhal,42,Mid Level
275,Hermon,Nelles,103543.43,1/6/2010,1,IT,Maroantsetra,23,Mid Level
276,Harriette,Covolini,98114.63,12/22/2021,5,HR,Stari Lec,52,Senior Level
277,Ashlie,Haggish,38011.91,4/6/2004,3,Sales,Mantes-la-Jolie,52,Entry Level
278,Ardys,Tourville,23108.09,9/23/2006,4,Marketing,Lage,35,Mid Level
279,Bale,Burnhard,61526.09,8/10/2016,2,HR,Pyhäjoki,20,Executive
280,Noe,Birney,76486.76,1/29/2016,1,Sales,Itu,20,Senior Level
281,Arlene,Eberst,132385.16,7/14/2021,4,HR,Le Hochet,57,Mid Level
282,Rafa,Syncke,101082.44,11/10/2019,4,IT,Akron,20,Executive
283,Pat,Barthelemy,134236.4,4/21/2021,2,HR,Sugihan,38,Mid Level
284,Kiah,Grindlay,134529.77,1/22/2011,3,Marketing,Pärnu-Jaagupi,22,Senior Level
285,Reece,Glasspool,94335.73,1/30/2021,3,IT,Sepanjang,21,Entry Level
286,Rafi,Aulton,129649.21,9/12/2011,5,Sales,Amashca,49,Mid Level
287,Grannie,Mollene,58701.62,9/7/2010,2,Marketing,Ayapa,44,Entry Level
288,Alvy,Bullent,81770.14,5/11/2006,1,Finance,Barakani,30,Mid Level
289,Hy,Rudyard,141549.55,6/4/2013,3,IT,Citatah Kaler,44,Senior Level
290,Rip,Yarranton,96454.09,11/28/2006,3,IT,Kuala Terengganu,20,Entry Level
291,Florenza,Muttock,57226.28,7/2/2001,2,Finance,Hejia,25,Mid Level
292,Finn,Featherstonhaugh,84016.48,6/10/2009,3,Finance,Căuşeni,36,Senior Level
293,Patrizia,Pancost,117407.35,1/11/2014,2,Sales,Saribudolok,23,Executive
294,Cary,Emmanueli,107698.63,5/6/2003,1,Sales,Nanqiu,26,Executive
295,Mendy,Younger,123232.83,1/3/2005,3,HR,Airuk,55,Senior Level
296,Sigvard,Eccleshare,35751.98,5/24/2022,5,Marketing,Ciego de Ávila,21,Senior Level
297,Ashlie,Kamien,41088.57,9/20/2014,4,Marketing,Anulid,22,Entry Level
298,Stavro,Gailor,52915.19,7/8/2002,2,Finance,Huating,21,Senior Level
299,Rube,Alesin,80658.56,5/3/2009,5,Marketing,Jorok Dalam,27,Entry Level
300,Cross,Pellitt,144642.07,10/27/2018,1,Marketing,Solnechnyy,21,Mid Level
301,Hedvige,Giroldi,92927.72,6/12/2015,3,IT,Kasaoka,18,Senior Level
302,Ericha,Dorrity,79857.83,3/5/2009,4,Marketing,Rezh,44,Mid Level
303,Hodge,Clohissy,90823.64,7/30/2008,4,Finance,Yanahuaya,48,Senior Level
304,Liva,Rohlfing,93257.23,4/4/2021,4,HR,Puncakwangi,23,Senior Level
305,Malanie,Middup,26096.43,9/16/2011,3,IT,Labège,39,Entry Level
306,Kacy,Meconi,120540.59,12/26/2004,4,HR,Abaza,35,Senior Level
307,Amie,Howselee,25802.0,3/17/2015,3,Marketing,Domoni,44,Senior Level
308,Rycca,Aldwich,103283.19,9/18/2009,4,HR,La Roche-sur-Yon,23,Mid Level
309,Gisele,McMeekin,93575.02,11/18/2019,2,Marketing,Sebegen,23,Senior Level
310,Sebastian,Ambrosoli,94930.68,6/20/2014,1,HR,Kihniö,37,Executive
311,Gerard,Agass,101211.76,4/30/2017,1,Sales,Kalmar,27,Mid Level
312,Elita,Sheircliffe,88005.23,12/12/2002,3,IT,Al Ḩawāmidīyah,20,Executive
313,Gearalt,Niesegen,59659.93,5/2/2001,1,IT,Cotuí,24,Senior Level
314,Fremont,Lakenton,52550.68,7/31/2010,5,Marketing,Évry,48,Mid Level
315,Ernestine,Troy,145499.75,5/27/2005,3,Finance,Xiangshan,40,Executive
316,Kalindi,Domenge,50270.02,7/7/2008,1,IT,Dongzaogang,57,Entry Level
317,Bambi,Moxstead,109094.56,5/30/2011,1,Sales,Moneghetti,56,Senior Level
318,Malissia,Ivanets,33696.48,1/15/2014,2,Finance,Älvsjö,30,Executive
319,Antonetta,Hendrich,144222.57,5/14/2003,5,Marketing,Jarocin,46,Executive
320,Robinson,Vanacci,89571.54,3/6/2011,2,Sales,Siyabuswa,38,Executive
321,Mariellen,Horley,141961.03,7/2/2000,2,Finance,Pousada,53,Executive
322,Farrell,Cranna,109719.88,8/21/2001,4,Marketing,Ḩajjah,36,Senior Level
323,Opalina,Maddams,64438.56,12/10/2004,5,Sales,Katrineholm,55,Senior Level
324,Kara,Beretta,94734.74,5/24/2004,2,HR,San Marcos,42,Executive
325,Yorgo,Tulleth,147089.66,9/15/2018,4,HR,Cochadas,36,Mid Level
326,Sebastian,Headingham,72419.02,2/16/2011,4,Finance,Jalupang Dua,27,Mid Level
327,Kingsley,Gonning,91621.59,12/19/2015,3,IT,Tomohon,40,Mid Level
328,Gracie,Rummins,30614.12,10/8/2005,1,HR,Malakwal City,25,Mid Level
329,Scarlett,Brecknock,51792.06,9/9/2002,4,Finance,Arnaía,44,Executive
330,Smith,Regis,55015.03,5/4/2018,2,IT,Poddor’ye,34,Mid Level
331,Grange,Knowller,100297.44,6/6/2008,2,HR,Baleagung,28,Entry Level
332,Janet,Balderson,77588.9,12/6/2022,3,Sales,Bochum,27,Senior Level
333,Lenard,Buttle,109080.36,7/16/2018,4,Finance,Watulumbung,38,Executive
334,Coraline,Geekie,24654.95,7/5/2016,4,Finance,Suruhan,60,Senior Level
335,Terri-jo,Chaffen,92964.41,3/31/2001,5,HR,Andekantor,59,Entry Level
336,West,Ribou,116098.91,7/20/2018,4,HR,Kuala Lumpur,47,Executive
337,Lissy,Gehrels,77541.32,3/25/2018,3,HR,Potoni,51,Entry Level
338,Salomi,Hendrickx,149679.1,2/9/2015,4,HR,Mississauga,57,Executive
339,Gregorio,Morsom,62008.93,4/9/2015,1,Finance,Dashahe,56,Mid Level
340,Eldin,Shallcrass,126786.96,1/10/2014,4,Sales,Weetobula,29,Executive
341,Ingar,Pinks,43952.53,2/21/2019,3,Sales,Kawangu Satu,60,Senior Level
342,Marylin,Yurivtsev,41005.63,2/10/2017,2,IT,Guay,22,Senior Level
343,Birdie,Heartfield,74104.75,5/22/2021,2,IT,Świnna,40,Mid Level
344,Hebert,Paulley,26395.89,3/6/2006,5,Finance,Puyang,57,Mid Level
345,Jemima,Norster,130030.45,4/8/2004,5,Finance,Pantijan No 2,45,Senior Level
346,Hillary,Ozintsev,27443.89,1/16/2021,3,Marketing,Ferreira,30,Entry Level
347,Humfried,Pheazey,22444.62,6/18/2006,3,Sales,Phayuha Khiri,32,Mid Level
348,Moishe,Mighele,61167.86,11/30/2022,1,Sales,Kosikha,27,Executive
349,Alva,Rothwell,103007.52,4/15/2003,2,Marketing,Sypniewo,18,Mid Level
350,Trueman,Baybutt,97375.44,2/20/2008,2,Finance,Los Rastrojos,29,Executive
351,Boycie,Iwanczyk,42343.85,9/21/2013,4,Finance,Gludug,35,Entry Level
352,Constancy,Hagwood,52422.4,9/24/2012,1,Sales,Blois,54,Senior Level
353,Symon,Chippendale,72084.55,6/20/2004,2,Finance,Chōfugaoka,49,Entry Level
354,Zechariah,Spraggs,72028.0,6/27/2006,5,Sales,Pundong,23,Mid Level
355,Kalle,Pierrepoint,145871.25,8/23/2007,5,HR,Americana,49,Executive
356,Saundra,Skin,132425.53,8/26/2015,4,IT,Miskolc,30,Executive
357,Rosaleen,Braam,102005.3,10/31/2006,2,Sales,Araras,29,Entry Level
358,Sunshine,Eyckelbeck,104795.93,3/27/2007,4,HR,Kadubadak,57,Mid Level
359,Jo,Lind,39194.17,2/2/2004,3,HR,Changtang,55,Executive
360,Gayle,Carrol,38306.05,2/25/2021,1,Finance,Waipare,33,Senior Level
361,Thane,Rosenvasser,125804.15,12/7/2015,1,Finance,Mutangyuan,33,Executive
362,Sue,Reinbech,118369.8,8/11/2020,1,Sales,Kramfors,39,Executive
363,Trueman,Dampney,134006.97,9/15/2015,3,Finance,Campo Formoso,20,Mid Level
364,Salomon,Posselow,76005.94,7/9/2012,1,IT,Wangzuizi,34,Executive
365,Therese,Ramiro,136915.26,8/20/2021,2,HR,Chatturat,19,Senior Level
366,Ethelbert,Keedwell,72517.14,9/16/2004,4,IT,Kavār,22,Mid Level
367,Mia,Galbraeth,78747.37,9/8/2000,5,Marketing,San Miguel,56,Entry Level
368,Shaylyn,Ivasyushkin,22179.22,3/14/2014,2,Marketing,Siasi,37,Senior Level
369,Julina,Eaddy,81749.6,10/27/2005,2,Sales,Xiaruyue,52,Senior Level
370,Brooke,Tamas,114233.9,3/28/2004,4,Sales,Jarash,27,Entry Level
371,Robbyn,Healings,70421.47,4/25/2006,2,Sales,Jenesano,46,Mid Level
372,Russ,Widdall,136665.87,4/26/2022,2,Marketing,Feira de Santana,41,Mid Level
373,Raffarty,Cass,61862.97,10/2/2007,3,Finance,Gaozhai,40,Mid Level
374,Maurine,Rossey,37108.13,8/16/2006,4,Marketing,Taboão da Serra,58,Mid Level
375,Trudi,Yetton,46481.46,8/9/2015,1,Finance,Tuqiao,39,Mid Level
376,Shay,Guenther,88035.77,7/26/2017,5,Sales,Leijiadian,21,Entry Level
377,Herve,Grellis,91459.27,11/25/2010,5,Sales,Najd al Jumā‘ī,23,Executive
378,Olag,Martijn,21540.93,11/22/2020,1,Sales,Lidköping,59,Mid Level
379,Selle,Gilfether,144077.79,7/29/2009,5,Marketing,Irving,32,Entry Level
380,Maurene,Farres,50740.96,9/14/2012,3,Sales,Korisós,52,Executive
381,Elva,Kevis,106154.43,12/1/2009,4,IT,Haixing,39,Mid Level
382,Dinny,Fayerman,85473.95,11/17/2010,2,Finance,Trois-Rivières,36,Mid Level
383,Lief,Kinmond,67805.64,7/15/2000,1,Finance,Shuishaping,55,Executive
384,Michaela,Ayton,136353.8,7/8/2022,2,Sales,San Carlos,34,Senior Level
385,Hettie,Antill,24260.92,12/5/2009,1,IT,Alfeizerão,20,Executive
386,Con,Mounter,100089.45,11/7/2011,2,Sales,Vani,25,Entry Level
387,Mary,Mellmoth,62419.8,1/18/2018,3,Marketing,Wentugaole,44,Executive
388,Matthias,Fermor,115576.11,9/20/2008,5,IT,Krajan Atas Suger Lor,51,Mid Level
389,Joly,Stiger,86931.86,6/30/2008,1,Finance,Gostimë,35,Senior Level
390,Xylia,Goodlud,117968.34,11/7/2008,5,Sales,Mariestad,34,Entry Level
391,Jere,Dureden,40399.17,7/18/2018,5,Finance,Pālang,37,Executive
392,Porty,Frean,127315.09,6/20/2007,5,Finance,Gupakan,33,Executive
393,Frants,Burdikin,63472.21,11/13/2013,3,HR,Asopía,23,Entry Level
394,Jenni,Whitehall,41317.66,2/2/2013,5,HR,Zhusha,56,Executive
395,Nanette,Castree,42824.97,4/16/2012,1,Sales,Karanganyar,56,Entry Level
396,Valida,Limeburn,73567.62,6/22/2000,4,IT,Dongping,42,Mid Level
397,Manda,Severs,103307.2,11/25/2007,2,Sales,Vitebsk,20,Mid Level
398,Pip,Ernke,112802.59,12/16/2000,3,Finance,Rungis,27,Entry Level
399,Maggi,Linacre,124898.53,1/12/2018,5,Marketing,Zürich,36,Senior Level
400,Agnola,Kennifeck,39250.07,6/6/2014,1,Marketing,Sanzhou,59,Entry Level
401,Andonis,Thomassen,72598.11,4/28/2017,2,Finance,Huangpo,21,Mid Level
402,Ransom,Castagnasso,127069.78,11/5/2007,5,Marketing,Orissaare,45,Entry Level
403,Rollo,Fairholme,69557.99,5/31/2018,2,Marketing,Borova,51,Mid Level
404,Vinny,Vasyutin,75597.85,5/26/2013,4,HR,Bonanza,55,Executive
405,Kaia,Stood,46829.9,11/2/2005,5,HR,Jirkov,43,Mid Level
406,Pinchas,Conochie,37822.38,12/17/2005,2,Sales,Trai Ngau,21,Entry Level
407,Petronia,Dare,39776.34,4/16/2007,5,Finance,Asopía,42,Executive
408,Rodi,Pounds,100884.76,7/15/2005,1,HR,Yinying,35,Entry Level
409,Durante,Clemmensen,20782.49,1/22/2001,4,Finance,La Paloma,47,Senior Level
410,Willdon,Presman,137296.15,12/12/2016,4,Sales,Cái Nhum,42,Executive
411,Esther,Bown,36064.08,8/12/2006,1,HR,Darmasari,54,Senior Level
412,Brit,O Mullen,63154.1,5/19/2018,2,Sales,Halmstad,18,Mid Level
413,Shoshana,Dennes,144489.89,10/7/2006,3,HR,Khairpur,19,Entry Level
414,Anderea,Duddin,98162.69,8/16/2018,4,HR,Destrnik,51,Mid Level
415,Lois,Behnen,100574.7,2/28/2002,3,Marketing,Dunkerque,21,Senior Level
416,Anetta,Artus,106459.99,7/4/2016,5,HR,Loures,20,Entry Level
417,Ysabel,Houtbie,62511.48,7/8/2009,5,HR,Phon Charoen,44,Senior Level
418,Hamnet,Lampens,131299.45,10/23/2007,4,IT,Moanemani,22,Entry Level
419,Rena,Triplet,81237.88,3/13/2000,4,Sales,Manzini,44,Entry Level
420,Hernando,McIllrick,46648.08,3/28/2006,3,IT,Garunggang,44,Mid Level
421,Lorilee,Melledy,65778.42,11/25/2007,3,HR,Suleja,26,Entry Level
422,Devy,Landa,101171.21,1/24/2016,3,HR,Tawen Aobao,46,Executive
423,Gaylord,Monroe,124803.33,5/26/2005,3,Sales,San Isidro,18,Mid Level
424,Kally,Chavey,23629.54,3/5/2005,5,Finance,Sandovo,26,Mid Level
425,Bianca,McCullouch,73979.48,9/25/2009,4,HR,Goúvai,53,Entry Level
426,Tailor,Skillicorn,117457.56,6/4/2012,5,HR,Mansa,59,Mid Level
427,Leena,Bagworth,108875.54,8/4/2007,5,IT,Wushi,19,Executive
428,Lexis,De La Cote,145882.01,10/22/2007,1,IT,Made,53,Entry Level
429,Monroe,Sudlow,145252.12,1/2/2005,2,Finance,Tampakan,35,Mid Level
430,Dallas,Stearn,144681.56,9/18/2019,4,HR,Stockholm,50,Mid Level
431,Patrick,Sunnex,117822.45,3/28/2002,2,Finance,Bålsta,56,Senior Level
432,Dulci,Dietmar,87850.96,9/30/2003,4,Marketing,Unión,26,Entry Level
433,Erda,Gutman,94760.2,4/12/2010,2,HR,Barengkok,30,Entry Level
434,Abdul,Hampton,53072.85,3/14/2007,1,Finance,Ciroyom,31,Executive
435,Packston,Bollon,29963.34,3/21/2022,5,HR,Beihe,19,Senior Level
436,Bale,Lohering,23800.64,11/30/2020,3,IT,Semuda,47,Mid Level
437,Benjamen,Savil,132836.62,9/18/2021,4,Finance,La Hacienda,38,Executive
438,Terrye,Mannin,106084.11,8/2/2019,2,Marketing,Zhongshi,41,Mid Level
439,Hakim,Mosconi,107929.86,11/16/2016,5,Sales,Vrbovec,43,Mid Level
440,Lurlene,McNerlin,119704.99,2/19/2014,1,Marketing,Zboriv,26,Senior Level
441,Jaquelin,Fritz,114384.97,10/2/2021,5,IT,Xuefeng,42,Mid Level
442,Tate,Rassmann,47873.64,12/13/2000,4,HR,Perstorp,30,Mid Level
443,Cassie,Jeves,126169.08,10/27/2012,4,Finance,Maumbawa,33,Mid Level
444,Kym,Ellen,96105.47,7/9/2001,4,HR,Ciwaru,24,Mid Level
445,Serena,Lawee,98717.86,8/25/2001,5,Marketing,Quezaltepeque,40,Executive
446,Sarajane,Petken,51339.82,3/17/2018,3,IT,Pa Sang,21,Senior Level
447,Rae,Boog,75051.72,8/8/2009,4,Sales,Cruz de Pau,52,Mid Level
448,Eddy,Chong,86038.6,8/15/2002,1,Sales,Novovasylivka,34,Senior Level
449,Sharona,Duckitt,79503.57,2/5/2013,3,Sales,Agnibilékrou,28,Entry Level
450,Maxy,Wrates,29133.45,2/12/2012,3,HR,Toužim,22,Entry Level
451,Ezequiel,Brewett,119933.98,8/25/2014,4,IT,Sūrāb,40,Mid Level
452,Wakefield,Rodliff,74745.86,2/25/2018,1,IT,Shaliangzi,32,Executive
453,Talbert,Saile,30308.05,8/26/2019,2,IT,Jonquière,43,Senior Level
454,Claretta,Quennell,59137.48,4/18/2007,3,Marketing,Santa Barbara,51,Mid Level
455,Roman,Galilee,22412.06,3/26/2007,1,Sales,Grenoble,48,Mid Level
456,Karlis,Chaman,94645.05,11/7/2006,5,IT,Ludvika,31,Mid Level
457,Bettine,Meriot,90534.14,9/11/2016,4,Marketing,Kuryłówka,19,Mid Level
458,Aigneis,Wilsher,126683.32,11/14/2008,1,Finance,Belköl,19,Mid Level
459,Charlot,Buard,26816.68,3/26/2015,4,Finance,Otse,45,Entry Level
460,Sherri,Ellinor,90379.69,12/26/2005,5,HR,Cengjia,46,Entry Level
461,Paddy,Grzelczyk,46220.88,7/6/2008,5,Sales,Fenghuang,26,Entry Level
462,Dyna,Pontain,141565.5,5/12/2010,1,Sales,Néos Oropós,21,Senior Level
463,Hazel,Impson,72205.42,4/24/2010,5,Sales,Monte Novo,25,Mid Level
464,Xever,Filipczak,67225.28,10/9/2003,1,Marketing,Gulbene,50,Executive
465,Ryan,Bloxam,112999.42,9/25/2011,5,HR,Taunoa,35,Mid Level
466,Cris,Gerrelts,70605.5,1/8/2020,3,Marketing,São Mamede,23,Mid Level
467,Audi,Tourot,41037.25,10/27/2006,5,Finance,Calachuchi,50,Entry Level
468,Murdoch,Covet,48104.94,7/21/2009,1,IT,Toledo,20,Executive
469,Marjory,Towey,22442.97,10/21/2007,5,Finance,Magrath,60,Mid Level
470,Clementius,Axcell,55356.95,8/31/2017,3,Sales,San Luis,55,Executive
471,Rikki,Shwenn,86067.16,12/8/2011,5,Finance,Youdunjie,47,Entry Level
472,Orton,D' Angelo,107343.78,11/9/2013,2,IT,El Valle del Espíritu Santo,59,Senior Level
473,Pattin,Roseborough,90115.2,8/20/2018,3,IT,Željezno Polje,39,Entry Level
474,Bald,Wattisham,60651.48,3/20/2000,3,Marketing,Balingasag,54,Senior Level
475,Yelena,Pratt,122868.29,5/24/2005,2,HR,Krajan Tekung,60,Mid Level
476,Clareta,Ferminger,89453.23,8/24/2005,4,Sales,Užice,50,Senior Level
477,Ferguson,Le Pruvost,44050.33,7/22/2005,1,Marketing,New York City,22,Mid Level
478,Clair,Wattins,104794.9,2/4/2022,3,Marketing,Banjar Pasekan,23,Entry Level
479,Charmion,McKinie,135075.17,7/28/2009,5,IT,Itum-Kali,54,Entry Level
480,Alanah,Crighton,128232.72,12/28/2004,4,IT,Khorlovo,33,Senior Level
481,Elle,Eddow,67991.5,8/14/2018,1,HR,Sokarame,21,Mid Level
482,Rebekkah,Robichon,53173.22,7/11/2008,4,Finance,Anchorage,50,Senior Level
483,Myrilla,Govini,73326.49,10/16/2003,1,HR,Linshui,48,Mid Level
484,Nikolas,Vanetti,104390.2,3/2/2007,3,Marketing,Pamiers,23,Senior Level
485,Jessamyn,Elfe,57672.72,8/29/2009,2,Finance,Staraya Mayna,19,Senior Level
486,Libbey,Pierse,86293.44,2/19/2016,2,Finance,Paris 20,48,Executive
487,Debbie,Flintoff,104735.24,7/2/2009,1,Sales,Hafrsfjord,47,Senior Level
488,Eddy,Fideler,24546.83,9/14/2003,2,Sales,Shchigry,34,Senior Level
489,Danella,Tuminelli,36207.55,10/10/2013,1,Finance,Longsheng,54,Mid Level
490,Rayner,Bolino,62689.65,7/8/2010,1,Finance,Drummondville,40,Executive
491,Freddie,Johncey,141757.35,10/6/2010,5,IT,Jirjā,47,Entry Level
492,Rea,Classen,135849.6,12/7/2015,4,IT,Xushuguan,26,Executive
493,Wyndham,Dewerson,102840.18,5/11/2020,5,IT,Toubao,27,Mid Level
494,Rockie,Joron,109710.57,1/9/2015,4,HR,Baojia,52,Executive
495,Shanie,Measom,95853.11,12/12/2002,4,HR,Landskrona,38,Entry Level
496,Paulina,Rann,138145.14,6/1/2018,2,Finance,Sonta,47,Entry Level
497,Petronella,Epps,28842.04,6/5/2008,1,Finance,Arroio do Meio,27,Entry Level
498,Biddie,Calver,81441.21,5/22/2022,3,Finance,Denver,58,Mid Level
499,Dyana,Biagioni,119964.17,12/1/2014,1,Marketing,Požarevac,39,Senior Level
500,Skip,Gussie,143699.95,7/5/2000,3,Sales,Costa Rica,23,Executive
